modelId,brand,model,isDSLR,year,model_median,numAucListing_median,numFixListing_median,auc_median
0,canon,1Ds,1,2002,174.725,0.0,0.0,0.9977106882243525
1,canon,1Ds Mk II,1,2004,382.5,1.0,1.0,0.7908496732026145
2,canon,1Ds Mk III,1,2007,744.995,1.0,0.0,0.8187974415935677
3,canon,1D,1,2001,95.0,0.5,0.0,1.0315789473684212
4,canon,1D Mk II,1,2004,150.0,1.0,0.0,0.82
5,canon,1D Mk II N,1,2005,175.0,0.5,0.0,0.8285142857142858
6,canon,1D Mk III,1,2007,325.0,1.0,0.0,0.8461538461538461
7,canon,1D Mk IV,1,2009,750.0,1.0,1.0,0.8666666666666667
8,canon,1D X,1,2012,1750.0,1.0,2.0,0.78
9,canon,1D C,1,2012,2000.0,0.0,0.0,1.0
10,canon,1D X Mk II,1,2016,3700.0,0.5,0.0,0.8513513513513513
11,canon,5D,1,2005,269.5,2.0,7.0,0.8812615955473099
12,canon,5D Mk II,1,2008,455.0,16.0,12.0,0.9560439560439561
13,canon,5D Mk III,1,2012,998.5,19.0,15.0,0.9559339008512769
14,canon,5D Mk IV,1,2016,1926.0,6.0,2.0,0.9745586708203531
15,canon,5Ds,1,2015,1276.0,0.5,1.0,0.9796238244514106
16,canon,5Ds R,1,2015,1512.5,1.0,3.0,0.9874380165289256
17,canon,6D,1,2012,575.0,11.0,9.0,0.9586956521739131
18,canon,6D Mk II,1,2017,1049.9850000000001,3.0,2.0,0.9523945580174954
19,canon,7D,1,2009,260.0,10.0,7.0,0.8894230769230769
20,canon,7D Mk II,1,2014,700.0,5.0,4.0,0.9785714285714285
21,canon,D30,1,2000,88.0,0.0,1.0,1.3778409090909092
22,canon,D60,1,2002,67.0,0.0,0.0,0.746268656716418
23,canon,10D,1,2003,34.99,0.0,1.0,0.7144898542440697
24,canon,20D,1,2004,45.0,1.0,2.0,0.7555555555555555
26,canon,30D,1,2006,55.0,2.0,1.0,0.7636363636363637
27,canon,40D,1,2007,85.0,1.5,2.5,0.8352941176470589
28,canon,50D,1,2008,148.75,3.0,1.0,0.8033613445378152
29,canon,60D,1,2010,227.5,7.0,4.0,0.9120879120879121
30,canon,60Da,1,2012,750.0,0.0,0.0,1.0
31,canon,70D,1,2013,379.995,6.0,10.0,0.9236963644258478
32,canon,77D,1,2017,480.0,1.0,1.0,1.0
33,canon,80D,1,2016,610.0,7.0,3.0,0.9754098360655737
35,canon,300D Digital Rebel,1,2003,29.975,0.0,1.0,0.8440366972477064
36,canon,350D Rebel XT,1,2005,50.0,3.0,4.0,1.04
37,canon,400D Rebel XTi,1,2007,57.5,3.0,6.0,0.8956521739130434
38,canon,450D Rebel XSi,1,2008,91.0,2.0,4.0,0.7980769230769231
39,canon,500D Rebel T1i,1,2009,113.61,3.5,4.0,0.8801601971657425
40,canon,550D Rebel T2i,1,2010,140.0,5.0,8.0,0.8964285714285715
41,canon,600D Rebel T3i,1,2011,192.5,8.0,9.0,0.8720519480519481
42,canon,650D Rebel T4i,1,2012,208.75,3.0,2.0,0.9101796407185629
43,canon,700D Rebel T5i,1,2013,259.0,4.0,5.0,0.888030888030888
44,canon,750D Rebel T6i,1,2015,370.0,4.0,7.0,0.9459459459459459
45,canon,760D Rebel T6s,1,2015,382.5,0.0,1.0,0.9856209150326798
46,canon,800D Rebel T7i,1,2017,457.5,1.0,1.0,0.912568306010929
47,canon,1000D Rebel XS,1,2008,69.995,0.0,1.0,0.8357739838559897
48,canon,1100D Rebel T3,1,2011,125.0,5.0,4.0,0.94
49,canon,1200D Rebel T5,1,2014,193.0,4.0,7.0,0.8419689119170984
50,canon,1300D Rebel T6,1,2016,240.68,4.0,9.0,0.8933023101213229
51,canon,2000D Rebel T7,1,2018,337.5,0.0,0.0,0.5718518518518518
53,canon,100D Rebel SL1,1,2013,199.99,2.0,4.0,0.872543627181359
54,canon,200D Rebel SL2,1,2017,365.0,0.5,1.0,0.9246575342465753
55,canon,250D Rebel SL3,1,2019,500.0,0.0,0.0,1.0
56,canon,R,1,2018,1650.0,1.0,0.0,0.993030303030303
57,canon,RP,1,2019,999.99,0.0,0.0,1.000010000100001
58,canon,M,1,2012,300.0,3.0,5.0,1.0711166666666667
59,canon,M2,1,2013,159.5,1.0,0.0,0.9498432601880877
60,canon,M3,1,2015,200.0,0.0,0.0,0.935
61,canon,M5,1,2016,357.775,1.0,1.0,0.9363426734679617
62,canon,M6,1,2017,329.97,0.0,0.0,0.8917477346425432
63,canon,M50,1,2018,470.0,1.0,2.5,1.0319148936170213
64,canon,M10,1,2015,158.245,0.5,0.0,0.9589560491642706
65,canon,M100,1,2017,218.995,0.0,0.0,1.1644101463503733
66,canon,IXUS 60,0,2006,13.725,0.5,0.0,0.8378870673952642
67,canon,IXUS 65,0,2006,24.99,0.0,1.0,0.5602240896358543
68,canon,IXUS 800 IS,0,2006,15.0,0.0,0.0,1.1333333333333333
69,canon,IXUS 850 IS,0,2006,16.49,0.0,0.5,0.9396604002425712
72,canon,IXUS 75,0,2007,9.5,0.0,2.0,0.5526315789473685
73,canon,IXUS 950 IS,0,2007,9.0,0.0,0.0,0.9
74,canon,IXUS 860 IS,0,2007,14.0,0.0,0.5,0.6428571428571429
75,canon,IXUS 960 IS,0,2007,35.5,0.0,0.0,1.0
76,canon,IXUS 80 IS,0,2008,14.99,1.0,3.0,0.7254836557705137
78,canon,IXUS 90 IS,0,2008,15.0,0.0,1.0,1.0
79,canon,IXUS 970 IS,0,2008,15.75,0.0,0.0,0.8095238095238095
80,canon,IXUS 870 IS,0,2008,24.45,0.0,0.0,0.48261758691206547
82,canon,IXUS 95 IS,0,2009,15.0,0.0,0.5,0.9333333333333333
83,canon,IXUS 100 IS,0,2009,25.0,0.0,2.0,0.6
89,canon,IXUS 130,0,2010,23.5,0.0,1.0,0.7553191489361702
90,canon,IXUS 210,0,2010,35.0,0.0,0.0,0.522
91,canon,IXUS 300 HS,0,2010,22.97,0.0,0.0,1.0
94,canon,IXUS 220 HS,0,2011,30.0,1.0,1.0,0.9
95,canon,IXUS 115 HS,0,2011,30.99,0.5,2.0,0.8065505001613424
98,canon,IXUS 500 HS,0,2012,27.75,0.0,0.5,0.7744144144144144
99,canon,IXUS 125 HS,0,2012,46.05,1.0,1.0,0.6514657980456027
103,canon,IXUS 255 HS,0,2013,44.975,0.0,0.0,0.7559755419677598
104,canon,IXUS 132,0,2013,28.0,0.0,0.0,0.7375
106,canon,IXUS 140,0,2013,26.0,0.0,0.0,0.8269230769230769
107,canon,IXUS 265 HS,0,2014,67.5,0.0,0.0,0.7555555555555555
110,canon,IXUS 155,0,2014,31.68,0.0,0.0,1.0
111,canon,IXUS 160,0,2015,35.0,0.5,0.5,0.8
113,canon,IXUS 170,0,2015,45.0,0.0,0.0,0.7555555555555555
114,canon,IXUS 275 HS,0,2015,63.305,0.0,0.0,0.9890214043124556
115,canon,IXUS 175,0,2016,47.5,0.0,0.0,1.0
116,canon,IXUS 180,0,2016,59.99,0.0,0.0,0.8668111351891982
117,canon,IXUS 285 HS,0,2016,78.0,0.0,0.0,0.8717948717948718
118,canon,IXUS 185,0,2017,56.84,0.0,0.0,1.0
120,nikon,D3X,1,2008,995.0,0.0,2.0,0.7597889447236181
121,nikon,D2Xs,1,2006,188.25,0.5,0.0,0.9349269588313412
122,nikon,D2X,1,2004,191.5,1.0,1.0,0.7741253263707573
123,nikon,D1X,1,2001,51.9,1.0,0.0,0.8766859344894027
124,nikon,D1,1,1999,75.0,0.0,1.0,0.7333333333333333
125,nikon,D5,1,2016,3672.975,1.0,1.0,0.9937448526058577
126,nikon,D4S,1,2014,2027.5,0.5,1.0,0.9297163995067818
127,nikon,D4,1,2012,1365.0,1.0,2.0,0.915018315018315
128,nikon,D3S,1,2009,720.0,1.0,2.0,0.9305555555555556
129,nikon,D3,1,2007,498.5,2.0,1.0,0.9829488465396188
130,nikon,D2Hs,1,2005,99.0,0.0,0.0,0.9090909090909092
131,nikon,D2H,1,2003,99.99,1.5,0.5,0.9100910091009101
133,nikon,D850,1,2017,2300.0,4.0,2.0,0.9997826086956522
134,nikon,D810,1,2014,1150.0,9.0,8.0,0.9579347826086957
135,nikon,D800,1,2012,700.0,10.0,8.0,0.9414285714285714
136,nikon,D700,1,2008,399.995,6.0,8.0,0.9350116876460955
137,nikon,D750,1,2014,872.0,9.0,4.0,0.963302752293578
138,nikon,Df,1,2013,1052.5,1.0,1.5,1.0
139,nikon,D610,1,2013,588.0,4.0,3.0,0.9268707482993197
140,nikon,D600,1,2012,457.5,4.0,3.0,0.9256830601092896
141,nikon,D500,1,2016,1059.0,3.0,3.0,0.9513644948064212
142,nikon,D300S,1,2009,225.0,2.0,4.0,0.7177777777777778
143,nikon,D300,1,2007,150.0,3.0,5.0,0.9256
144,nikon,D200,1,2005,81.5,2.0,4.0,0.8159509202453987
145,nikon,D100,1,2002,44.875,0.0,2.0,0.6016713091922006
146,nikon,D7500,1,2017,661.0,2.0,3.0,0.9591527987897126
147,nikon,D7200,1,2015,500.0,4.5,4.0,0.95
148,nikon,D7100,1,2013,365.0,8.0,8.0,0.9616438356164384
149,nikon,D7000,1,2010,225.0,9.0,8.0,0.9222222222222223
150,nikon,D90,1,2008,135.0,5.0,5.0,0.9131481481481482
151,nikon,D80,1,2006,79.995,2.0,4.0,0.7000437527345459
152,nikon,D70s,1,2005,49.99,1.0,0.0,0.9641928385677135
153,nikon,D70,1,2004,32.0,1.0,2.5,0.8125
154,nikon,D5600,1,2016,405.5,0.0,2.0,0.9247842170160296
155,nikon,D5500,1,2015,320.0,1.0,4.0,0.93828125
156,nikon,D5300,1,2013,271.0,3.0,2.0,0.981549815498155
157,nikon,D5200,1,2012,200.0,2.0,0.0,0.89035
158,nikon,D5100,1,2011,150.0,2.0,1.0,0.9341666666666666
159,nikon,D5000,1,2009,91.9,0.0,3.0,0.8269858541893362
160,nikon,D60,1,2008,67.0,1.0,1.0,0.9626865671641791
161,nikon,D40X,1,2007,71.0,1.0,0.0,0.9295774647887324
162,nikon,D50,1,2005,51.0,0.5,0.5,0.7843137254901961
163,nikon,D3500,1,2018,277.0,0.0,1.0,1.0
164,nikon,D3400,1,2016,229.97,2.0,3.0,0.7718398051919816
165,nikon,D3300,1,2014,189.0,2.0,3.5,0.9126984126984127
166,nikon,D3200,1,2012,170.0,3.5,9.0,0.9061176470588235
167,nikon,D3100,1,2010,91.0,3.0,2.0,0.8736263736263736
168,nikon,D3000,1,2009,83.975,0.0,5.0,0.6073236082167313
169,nikon,D40,1,2006,63.0,1.5,2.0,0.8174603174603174
170,nikon,Coolpix A,0,2013,250.0,0.0,0.0,0.834
171,nikon,Coolpix A10,0,2016,31.25,0.0,0.0,1.04
172,nikon,Coolpix A100,0,2016,69.0,0.0,0.0,1.0
173,nikon,Coolpix A300,0,2016,52.5,0.0,2.0,0.9428571428571428
174,nikon,Coolpix A900,0,2016,165.0,1.0,3.0,0.9272727272727272
176,nikon,Coolpix AW100,0,2011,70.0,2.0,4.0,0.7857142857142857
177,nikon,Coolpix AW110,0,2013,69.99,1.0,1.0,0.8643377625375055
178,nikon,Coolpix AW120,0,2014,89.99,1.0,1.0,0.9667740860095567
179,nikon,Coolpix AW130,0,2015,130.0,1.0,0.5,0.9923076923076923
180,nikon,Coolpix B500,0,2016,100.0,6.0,6.5,0.96
181,nikon,Coolpix B600,0,2019,207.0,0.0,0.5,1.0
182,nikon,Coolpix B700,0,2016,288.0,1.0,0.5,0.9809027777777778
185,nikon,Coolpix L3,0,2006,9.95,0.0,0.0,0.6778894472361809
186,nikon,Coolpix L4,0,2006,8.7,1.0,0.0,0.9770114942528737
188,nikon,Coolpix L6,0,2006,12.0,0.0,0.0,0.6666666666666666
189,nikon,Coolpix L10,0,2007,8.99,0.0,0.5,1.6117908787541713
190,nikon,Coolpix L11,0,2007,10.0,0.5,0.0,0.795
191,nikon,Coolpix L12,0,2007,9.99,0.0,0.0,0.9504504504504505
192,nikon,Coolpix L14,0,2007,15.99,0.0,0.0,1.0
194,nikon,Coolpix L16,0,2008,16.495,0.0,0.0,1.0
195,nikon,Coolpix L18,0,2008,11.0,0.5,1.0,0.6295454545454546
196,nikon,Coolpix L19,0,2009,25.25,0.0,0.0,0.4889108910891089
197,nikon,Coolpix L20,0,2009,13.01,0.0,4.0,0.622598001537279
199,nikon,Coolpix L22,0,2010,15.99,1.0,2.0,0.6250781738586617
201,nikon,Coolpix L24,0,2011,17.994999999999997,0.0,2.0,0.5279244234509587
202,nikon,Coolpix L25,0,2011,17.99,0.0,0.0,1.0
203,nikon,Coolpix L26,0,2012,15.75,0.5,0.0,1.0158730158730158
204,nikon,Coolpix L27,0,2012,19.99,0.0,0.0,1.0005002501250626
205,nikon,Coolpix L28,0,2013,32.495000000000005,0.0,1.0,0.7985843975996306
206,nikon,Coolpix L29,0,2014,17.5,0.0,0.0,0.6857142857142857
207,nikon,Coolpix L30,0,2014,30.0,0.0,1.0,0.9033333333333334
208,nikon,Coolpix L100,0,2009,20.0,0.0,2.0,0.9369999999999999
209,nikon,Coolpix L110,0,2010,30.0,1.0,3.0,0.8500000000000001
210,nikon,Coolpix L120,0,2011,39.82,1.0,3.0,0.627197388247112
211,nikon,Coolpix L310,0,2013,31.0,1.0,1.0,0.8869354838709678
212,nikon,Coolpix L320,0,2013,32.0,1.0,1.0,0.75
213,nikon,Coolpix L330,0,2014,54.99,1.0,5.0,0.7637752318603382
214,nikon,Coolpix L610,0,2012,48.5,0.0,2.5,0.7010309278350515
215,nikon,Coolpix L620,0,2013,69.95,0.0,1.0,0.4502501786990707
216,nikon,Coolpix L810,0,2012,48.975,2.0,1.0,0.8226646248085758
217,nikon,Coolpix L820,0,2013,50.5,1.5,2.0,0.900990099009901
218,nikon,Coolpix L830,0,2014,68.0,3.0,5.0,0.8823529411764706
219,nikon,Coolpix L840,0,2015,85.0,1.0,2.0,0.8588235294117648
221,nikon,Coolpix P2,0,2005,13.0,0.0,0.0,1.0
223,nikon,Coolpix P4,0,2006,8.975,1.0,0.0,1.1142061281337048
226,nikon,Coolpix P80,0,2008,44.9,1.0,3.0,0.6503340757238307
227,nikon,Coolpix P90,0,2009,40.0,2.0,1.0,0.95
228,nikon,Coolpix P100,0,2010,49.99,1.0,0.5,0.660132026405281
229,nikon,Coolpix P300,0,2011,49.99,0.0,1.0,0.49409881976395276
231,nikon,Coolpix P330,0,2013,89.95,0.0,0.0,0.5928849360755976
232,nikon,Coolpix P340,0,2014,142.475,0.0,0.0,0.9475346552026672
233,nikon,Coolpix P500,0,2011,64.99,1.0,3.0,0.8462840436990307
234,nikon,Coolpix P510,0,2012,97.5,1.0,2.0,0.9384615384615385
235,nikon,Coolpix P520,0,2013,120.0,1.0,2.0,0.8332916666666667
236,nikon,Coolpix P530,0,2014,115.0,0.0,4.0,0.5913043478260869
237,nikon,Coolpix P600,0,2014,150.0,0.0,0.5,0.8633333333333333
238,nikon,Coolpix P610,0,2015,156.0,0.0,1.0,0.9807692307692308
239,nikon,Coolpix P900,0,2015,350.0,4.0,3.0,0.9771142857142857
240,nikon,Coolpix P1000,0,2018,710.0,2.0,0.0,1.0499999999999998
241,nikon,Coolpix P5000,0,2007,45.0,0.0,0.5,0.45555555555555555
242,nikon,Coolpix P5100,0,2007,37.5,0.0,1.0,0.6466666666666667
243,nikon,Coolpix P7000,0,2010,55.0,0.5,0.5,0.9081818181818182
244,nikon,Coolpix P7100,0,2011,65.0,0.0,0.0,1.1538461538461537
245,nikon,Coolpix P7700,0,2012,159.95,0.0,0.0,0.9688965301656768
246,nikon,Coolpix P7800,0,2013,244.5,0.0,0.0,0.6441717791411042
247,nikon,Coolpix S01,0,2012,29.95,1.0,1.0,0.7724540901502503
248,nikon,Coolpix S02,0,2013,50.0,0.0,0.5,0.56
249,nikon,Coolpix S1,0,2005,30.0,0.0,0.0,0.4166666666666667
250,nikon,Coolpix S2,0,2005,16.375,0.0,0.0,0.4732824427480916
252,nikon,Coolpix S4,0,2005,24.97,0.0,1.0,1.0
259,nikon,Coolpix S10,0,2006,30.0,0.0,0.0,0.9083333333333333
260,nikon,Coolpix S30,0,2012,19.99,0.0,0.0,0.8254127063531767
261,nikon,Coolpix S31,0,2013,25.0,0.0,0.0,0.8
262,nikon,Coolpix S32,0,2014,37.99,0.0,1.0,1.0
263,nikon,Coolpix S33,0,2015,41.5,0.5,0.5,0.8433734939759037
266,nikon,Coolpix S51,0,2007,14.99,0.0,1.0,0.8338892595063376
268,nikon,Coolpix S52,0,2008,13.0,0.0,0.5,1.1538461538461537
270,nikon,Coolpix S60,0,2008,12.0,0.0,0.0,1.1454166666666667
274,nikon,Coolpix S200,0,2007,10.0,0.0,0.0,0.825
275,nikon,Coolpix S210,0,2008,14.0,0.0,2.0,0.7142857142857143
276,nikon,Coolpix S220,0,2009,20.0,0.0,2.0,0.5995
277,nikon,Coolpix S230,0,2009,15.0,0.0,2.0,0.41333333333333333
281,nikon,Coolpix S550,0,2008,11.0,0.5,2.5,0.7722727272727273
282,nikon,Coolpix S560,0,2008,10.0,0.0,0.5,0.55
284,nikon,Coolpix S610,0,2008,15.0,0.0,0.5,1.0
287,nikon,Coolpix S630,0,2009,14.99,0.0,2.0,0.66711140760507
292,nikon,Coolpix S800c,0,2012,30.494999999999997,0.0,0.0,0.8935891129693394
295,nikon,Coolpix S1100pj,0,2010,64.4,0.0,0.0,0.6209627329192546
296,nikon,Coolpix S1200pj,0,2011,89.95,0.0,0.0,1.0
299,nikon,Coolpix S3000,0,2010,19.75,1.0,4.0,0.6556962025316455
300,nikon,Coolpix S3100,0,2011,16.5,0.0,2.0,0.6672727272727272
301,nikon,Coolpix S3300,0,2012,21.244999999999997,0.0,5.0,0.9644622264062133
302,nikon,Coolpix S3500,0,2013,34.99,0.0,2.0,0.7144898542440697
303,nikon,Coolpix S3600,0,2014,32.0,0.0,1.0,0.8125
304,nikon,Coolpix S4000,0,2010,19.99,0.0,6.0,0.7126063031515759
305,nikon,Coolpix S4100,0,2011,19.994999999999997,0.0,2.0,0.7501875468867217
306,nikon,Coolpix S4300,0,2012,27.175,0.0,2.5,0.7495860165593375
308,nikon,Coolpix S5200,0,2013,31.695,0.0,0.0,0.7379712888468213
309,nikon,Coolpix S5300,0,2014,40.0,0.0,0.0,1.0
310,nikon,Coolpix S6000,0,2010,22.5,0.0,2.0,0.5333333333333333
311,nikon,Coolpix S6100,0,2011,22.0,1.0,1.5,0.7384090909090909
312,nikon,Coolpix S6200,0,2011,22.744999999999997,0.0,2.0,0.8021543196306882
313,nikon,Coolpix S6300,0,2012,23.75,1.0,0.0,0.8945263157894736
314,nikon,Coolpix S6500,0,2013,43.745000000000005,0.0,1.0,0.9486798491256143
315,nikon,Coolpix S6800,0,2014,52.495000000000005,0.0,0.0,0.6690160967711211
316,nikon,Coolpix S6900,0,2015,53.9,0.0,0.0,0.9461966604823748
317,nikon,Coolpix S7000,0,2015,89.975,0.0,1.0,0.7723812170047235
318,nikon,Coolpix S8000,0,2010,22.99,0.5,1.0,0.8642888212266203
319,nikon,Coolpix S8100,0,2010,29.5,1.0,1.0,0.9152542372881356
320,nikon,Coolpix S8200,0,2011,33.0,2.0,1.0,1.0
321,nikon,Coolpix S9100,0,2011,32.5,1.0,0.5,0.6923076923076923
322,nikon,Coolpix S9300,0,2012,39.99,1.0,2.0,0.9127281820455113
323,nikon,Coolpix S9500,0,2013,70.0,0.5,1.0,0.8714285714285714
324,nikon,Coolpix S9600,0,2014,77.5,0.0,0.0,0.6775483870967741
325,nikon,Coolpix S9700,0,2014,132.495,0.0,0.0,1.0113589192044983
326,nikon,Coolpix S9900,0,2015,150.0,0.0,0.0,0.8733333333333333
327,nikon,Coolpix W100,0,2016,54.335,0.0,0.0,0.9201251495352903
329,nikon,Coolpix W300,0,2017,205.25,0.0,0.0,1.0523751522533495
330,sony,a900,1,2008,578.0,0.5,0.0,0.9870242214532872
332,sony,a99,1,2012,799.0,0.0,0.0,1.0
333,sony,a99 II,1,2016,2050.0,0.0,1.0,1.0246341463414634
334,sony,a100,1,2006,105.0,0.0,1.0,0.9523809523809523
335,sony,a700,1,2007,154.99,0.5,0.0,0.6629137363700884
337,sony,a300,1,2008,115.0,0.0,0.0,0.4260869565217391
340,sony,a330,1,2009,85.495,0.0,0.0,0.830457921515878
346,sony,a390,1,2010,100.0,1.0,0.0,0.825
350,sony,a55,1,2010,154.495,0.0,0.0,0.9708404802744426
351,sony,a35,1,2011,150.0,0.0,0.0,1.0
352,sony,a65,1,2011,300.0,0.0,1.5,0.7683333333333333
353,sony,a77,1,2011,400.0,0.0,1.0,0.905
354,sony,a57,1,2012,155.0,0.0,1.0,0.8064516129032258
356,sony,a58,1,2013,220.25,0.5,1.0,0.9988649262202043
357,sony,a77 II,1,2014,600.0,0.5,0.5,0.975
358,sony,a68,1,2016,432.5,0.0,0.0,1.0173410404624277
361,sony,NEX-3,1,2010,55.0,0.0,0.5,0.9452727272727273
362,sony,NEX-5,1,2010,74.0,0.0,1.0,0.7652027027027026
363,sony,NEX-C3,1,2011,96.75,0.0,0.0,1.4651162790697674
364,sony,NEX-5N,1,2011,96.475,0.0,1.0,0.7722207825861622
365,sony,NEX-7,1,2011,217.5,1.0,1.0,0.8919540229885057
366,sony,NEX-F3,1,2012,79.99,0.5,0.0,0.750093761720215
367,sony,NEX-5R,1,2012,150.0,0.0,1.0,0.5
368,sony,NEX-6,1,2012,165.0,0.0,1.0,0.8803030303030304
369,sony,NEX-3N,1,2013,65.58,0.0,0.0,0.945410186032327
370,sony,NEX-5T,1,2013,164.495,0.0,2.0,1.0
371,sony,a3000,1,2013,106.25,0.0,2.0,0.7576470588235293
372,sony,a7,1,2013,565.0,5.5,2.0,0.8876106194690265
373,sony,a7R,1,2013,700.0,2.0,1.0,0.9285714285714286
374,sony,a5000,1,2014,150.0,1.0,0.0,0.8683333333333334
375,sony,a6000,1,2014,300.0,12.0,6.0,0.9816666666666667
377,sony,a7S,1,2014,722.5,3.0,1.0,0.9515570934256055
378,sony,a5100,1,2014,230.0,2.0,0.0,0.941304347826087
379,sony,a7 II,1,2015,711.0,7.0,3.0,0.9845288326300985
380,sony,a7R II,1,2015,1150.0,9.0,6.0,0.9608695652173913
381,sony,a7S II,1,2015,1227.0,7.0,3.0,0.9576202118989405
382,sony,a6300,1,2016,542.5,6.0,6.0,0.9216589861751152
383,sony,a6500,1,2016,775.0,7.0,5.0,0.967741935483871
384,sony,a9,1,2017,2805.5,1.0,2.0,0.9998217786490822
385,sony,a7R III,1,2017,1999.49,2.0,4.0,0.9627455001025261
386,sony,a7 III,1,2018,1675.0,5.0,2.0,1.0
387,sony,a6400,1,2019,820.0,1.0,0.0,1.0
388,sony,DSC H1,0,2005,29.99,0.0,1.0,0.5418472824274758
389,sony,DSC H2,0,2006,24.0,0.0,0.5,0.6875
390,sony,DSC H3,0,2008,25.0,0.0,1.0,1.0998
391,sony,DSC H5,0,2006,22.0,0.0,2.0,0.6590909090909091
392,sony,DSC H7,0,2007,20.5,0.0,1.0,0.9995121951219511
393,sony,DSC H9,0,2007,44.99,0.0,0.0,0.7779506557012669
394,sony,DSC H10,0,2008,20.5,0.0,1.0,1.0
395,sony,DSC H20,0,2009,29.99,0.0,1.0,0.8669556518839614
396,sony,DSC H50,0,2008,43.995000000000005,0.0,2.0,0.9091942266166609
397,sony,DSC H55,0,2010,24.99,0.0,2.0,0.7999199679871949
398,sony,DSC H70,0,2011,26.0,0.0,2.0,0.7688461538461537
399,sony,DSC H90,0,2012,29.744999999999997,0.0,1.0,0.773071104387292
400,sony,DSC H200,0,2013,40.0,0.0,0.0,0.75
401,sony,DSC H300,0,2014,56.0,5.0,3.0,0.8660714285714286
402,sony,DSC H400,0,2014,130.0,2.0,0.0,0.7538461538461538
403,sony,DSC HX1,0,2009,62.495000000000005,0.0,2.0,0.6845347627810225
404,sony,DSC HX5,0,2010,28.0,0.0,0.0,1.0
405,sony,DSC HX5V,0,2010,25.0,0.0,1.0,0.8
407,sony,DSC HX9V,0,2011,50.0,0.0,0.0,0.7398
408,sony,DSC HX10V,0,2012,69.99,0.0,1.5,0.47149592798971285
409,sony,DSC HX20V,0,2012,66.495,0.0,1.0,0.6767426122264831
410,sony,DSC HX30V,0,2012,70.0,0.0,0.0,1.0357142857142856
411,sony,DSC HX50V,0,2013,119.0,1.0,2.0,0.8949579831932774
413,sony,DSC HX80,0,2016,175.0,2.0,2.0,0.9557142857142857
414,sony,DSC HX90V,0,2015,201.25,1.0,0.0,0.8944099378881988
415,sony,DSC HX99,0,2018,315.0,0.0,0.5,1.0
416,sony,DSC HX100V,0,2011,65.0,0.0,0.0,0.823076923076923
417,sony,DSC HX200V,0,2012,79.99,2.0,1.0,1.0
418,sony,DSC HX300,0,2013,113.01,1.0,1.0,0.9379700911423767
421,sony,DSC HX400V,0,2014,215.0,1.0,1.0,0.9302325581395349
422,sony,DSC QX10,0,2013,57.5,1.0,2.0,0.8694782608695653
424,sony,DSC QX100,0,2014,159.25,0.0,0.0,0.9984301412872841
425,sony,DSC RX100,0,2012,188.525,6.0,3.0,0.9295849356849224
426,sony,DSC RX100 II,0,2013,236.5,2.0,2.0,0.9429175475687104
427,sony,DSC RX100 III,0,2014,325.0,4.0,3.0,0.9846153846153847
428,sony,DSC RX100 IV,0,2015,445.0,1.0,2.0,0.9662921348314607
429,sony,DSC RX100 V,0,2016,562.5,1.0,1.0,0.9342222222222222
430,sony,DSC RX100 VI,0,2018,739.0,0.0,1.0,0.976319350473613
431,sony,DSC RX10,0,2013,301.5,1.0,0.0,1.0082918739635158
433,sony,DSC RX10 III,0,2016,768.0,1.0,0.5,0.9791666666666666
434,sony,DSC RX10 IV,0,2017,1145.0,1.0,0.0,0.9722707423580785
435,sony,DSC RX1,0,2012,1725.0,0.0,0.0,1.063768115942029
436,sony,DSC RX1R,0,2012,839.0,1.0,1.0,0.8700834326579261
437,sony,DSC RX1R II,0,2015,2200.0,0.0,0.0,0.8863636363636364
438,sony,DSC S500,0,2006,7.5,0.0,0.0,0.43333333333333335
439,sony,DSC S600,0,2006,25.0,0.0,0.0,1.0
440,sony,DSC S650,0,2007,8.0,0.0,0.0,0.856875
441,sony,DSC S700,0,2007,10.0,0.0,0.5,0.6
442,sony,DSC S730,0,2008,17.99,0.0,0.0,1.0
443,sony,DSC S750,0,2008,18.0,0.0,0.5,0.7080555555555557
445,sony,DSC S800,0,2007,19.5,0.0,0.0,1.0
446,sony,DSC S930,0,2009,19.95,0.0,0.0,1.0
448,sony,DSC S980,0,2009,21.0,0.0,2.0,0.5714285714285714
450,sony,DSC S2100,0,2010,19.99,0.0,0.5,0.8379189594797399
452,sony,DSC T20,0,2007,19.99,0.0,1.0,1.0
453,sony,DSC T30,0,2006,25.0,0.0,0.0,1.0
456,sony,DSC T70,0,2007,10.0,0.0,0.5,0.999
458,sony,DSC T77,0,2008,10.0,0.0,0.0,1.0
460,sony,DSC T99,0,2010,20.0,0.0,0.0,0.525
461,sony,DSC T100,0,2007,19.99,0.0,0.0,1.0
463,sony,DSC T200,0,2007,14.295000000000002,0.0,0.0,0.5246589716684155
464,sony,DSC T300,0,2008,15.54,0.0,0.0,0.9382239382239382
465,sony,DSC T500,0,2008,20.0,0.0,0.0,1.0
467,sony,DSC T900,0,2009,36.66,0.0,0.0,0.9773595199127114
468,sony,DSC TF1,0,2013,99.0,0.0,0.0,1.0
470,sony,DSC TX5,0,2010,65.0,0.0,0.0,1.0
471,sony,DSC TX7,0,2010,79.5,0.0,0.0,1.0
472,sony,DSC TX9,0,2010,39.475,0.5,0.0,0.7597213426219125
473,sony,DSC TX10,0,2011,78.0,0.0,1.0,0.782051282051282
474,sony,DSC TX20,0,2012,97.5,0.0,0.0,0.882051282051282
475,sony,DSC TX30,0,2013,179.5,0.0,0.0,0.8245125348189415
476,sony,DSC TX55,0,2011,79.5,0.0,1.0,0.9747798742138365
481,sony,DSC W210,0,2009,19.995,0.0,0.0,0.49962490622655664
482,sony,DSC W220,0,2009,18.0,0.0,2.0,0.9858333333333333
483,sony,DSC W230,0,2009,10.4,0.0,1.0,0.6245192307692307
485,sony,DSC W290,0,2009,19.0,0.0,2.0,0.5763157894736842
486,sony,DSC W310,0,2010,15.0,0.0,1.5,0.7
487,sony,DSC W320,0,2010,23.99,0.0,0.0,1.0
488,sony,DSC W330,0,2010,18.25,0.0,3.0,0.5473972602739726
489,sony,DSC W350,0,2010,19.95,0.0,2.0,0.7518796992481204
490,sony,DSC W360,0,2010,18.5,0.0,0.0,1.0
491,sony,DSC W370,0,2010,17.5,1.0,3.0,0.5465714285714286
494,sony,DSC W510,0,2011,12.25,1.0,0.0,0.8163265306122449
496,sony,DSC W530,0,2011,18.39,0.0,3.0,0.5842849374660142
498,sony,DSC W560,0,2011,16.95,0.0,2.0,0.8699115044247787
499,sony,DSC W570,0,2011,23.5,0.0,3.0,0.8723404255319149
501,sony,DSC W610,0,2012,17.99,0.0,0.0,0.5553085047248472
502,sony,DSC W620,0,2012,24.5,0.0,0.0,0.8773469387755102
504,sony,DSC W650,0,2012,18.0,0.0,0.0,0.6930555555555555
506,sony,DSC W690,0,2012,12.9,0.0,0.0,0.8527131782945736
507,sony,DSC W710,0,2013,9.6,0.0,0.0,1.0364583333333333
508,sony,DSC W730,0,2013,26.494999999999997,0.0,0.0,0.6454047933572373
509,sony,DSC W800,0,2014,35.0,0.5,4.0,0.857
510,sony,DSC W810,0,2014,27.494999999999997,0.0,0.5,0.8365157301327515
511,sony,DSC W830,0,2014,45.0,2.0,4.0,0.8888888888888888
513,sony,DSC WX5,0,2010,19.0,1.0,0.0,1.0
514,sony,DSC WX7,0,2011,35.495000000000005,0.0,0.0,0.7324975348640652
515,sony,DSC WX9,0,2011,28.0,0.0,1.0,0.7625
518,sony,DSC WX50,0,2012,19.99,0.0,0.0,0.9454727363681841
519,sony,DSC WX60,0,2013,28.495,0.0,0.0,1.0
521,sony,DSC WX80,0,2013,37.5,0.0,2.0,0.6666666666666666
522,sony,DSC WX100,0,2012,38.995000000000005,0.0,0.0,0.7436850878317732
523,sony,DSC WX150,0,2012,45.0,0.0,1.0,0.6639999999999999
526,sony,DSC WX220,0,2014,60.0,1.0,0.0,1.0
527,sony,DSC WX300,0,2013,70.0,0.0,1.0,0.7571428571428571
528,sony,DSC WX350,0,2014,77.495,1.0,1.0,0.9032840828440545
529,sony,DSC WX500,0,2015,157.75,0.0,0.5,0.8890649762282092
